Frame,Parking Space,Ground Truth,Prediction,Result
1,space_1,0,0,True Negative
1,space_2,0,0,True Negative
1,space_3,0,0,True Negative
1,space_4,0,0,True Negative
1,space_5,0,0,True Negative
1,space_6,0,0,True Negative
1,space_7,0,0,True Negative
1,space_8,0,0,True Negative
1,space_9,0,0,True Negative
1,space_10,0,0,True Negative
1,space_11,0,0,True Negative
1,space_12,0,0,True Negative
2,space_1,0,0,True Negative
2,space_2,0,0,True Negative
2,space_3,0,0,True Negative
2,space_4,0,0,True Negative
2,space_5,0,0,True Negative
2,space_6,0,0,True Negative
2,space_7,0,0,True Negative
2,space_8,0,0,True Negative
2,space_9,0,0,True Negative
2,space_10,0,0,True Negative
2,space_11,0,0,True Negative
2,space_12,0,0,True Negative
3,space_1,0,0,True Negative
3,space_2,0,0,True Negative
3,space_3,0,0,True Negative
3,space_4,0,0,True Negative
3,space_5,0,0,True Negative
3,space_6,0,0,True Negative
3,space_7,0,0,True Negative
3,space_8,0,0,True Negative
3,space_9,0,0,True Negative
3,space_10,0,0,True Negative
3,space_11,0,0,True Negative
3,space_12,0,0,True Negative
4,space_1,0,0,True Negative
4,space_2,0,0,True Negative
4,space_3,0,0,True Negative
4,space_4,0,0,True Negative
4,space_5,0,0,True Negative
4,space_6,0,0,True Negative
4,space_7,0,0,True Negative
4,space_8,0,0,True Negative
4,space_9,0,0,True Negative
4,space_10,0,0,True Negative
4,space_11,0,0,True Negative
4,space_12,0,0,True Negative
5,space_1,0,0,True Negative
5,space_2,0,0,True Negative
5,space_3,0,0,True Negative
5,space_4,0,0,True Negative
5,space_5,0,0,True Negative
5,space_6,0,0,True Negative
5,space_7,0,0,True Negative
5,space_8,0,0,True Negative
5,space_9,0,0,True Negative
5,space_10,0,0,True Negative
5,space_11,0,0,True Negative
5,space_12,0,0,True Negative
6,space_1,0,0,True Negative
6,space_2,0,0,True Negative
6,space_3,0,0,True Negative
6,space_4,0,0,True Negative
6,space_5,0,0,True Negative
6,space_6,0,0,True Negative
6,space_7,0,0,True Negative
6,space_8,0,0,True Negative
6,space_9,0,0,True Negative
6,space_10,0,0,True Negative
6,space_11,0,0,True Negative
6,space_12,0,0,True Negative
7,space_1,0,0,True Negative
7,space_2,0,0,True Negative
7,space_3,0,0,True Negative
7,space_4,0,0,True Negative
7,space_5,0,0,True Negative
7,space_6,0,0,True Negative
7,space_7,0,0,True Negative
7,space_8,0,0,True Negative
7,space_9,0,0,True Negative
7,space_10,0,0,True Negative
7,space_11,0,0,True Negative
7,space_12,0,0,True Negative
8,space_1,0,0,True Negative
8,space_2,0,0,True Negative
8,space_3,0,0,True Negative
8,space_4,0,0,True Negative
8,space_5,0,0,True Negative
8,space_6,0,0,True Negative
8,space_7,0,0,True Negative
8,space_8,0,0,True Negative
8,space_9,0,0,True Negative
8,space_10,0,0,True Negative
8,space_11,0,0,True Negative
8,space_12,0,0,True Negative
9,space_1,0,0,True Negative
9,space_2,0,0,True Negative
9,space_3,0,0,True Negative
9,space_4,0,0,True Negative
9,space_5,0,0,True Negative
9,space_6,0,0,True Negative
9,space_7,0,0,True Negative
9,space_8,0,0,True Negative
9,space_9,0,0,True Negative
9,space_10,0,0,True Negative
9,space_11,0,0,True Negative
9,space_12,0,0,True Negative
10,space_1,0,0,True Negative
10,space_2,0,0,True Negative
10,space_3,0,0,True Negative
10,space_4,0,0,True Negative
10,space_5,0,0,True Negative
10,space_6,0,0,True Negative
10,space_7,0,0,True Negative
10,space_8,0,0,True Negative
10,space_9,0,0,True Negative
10,space_10,0,0,True Negative
10,space_11,0,0,True Negative
10,space_12,0,0,True Negative
11,space_1,0,0,True Negative
11,space_2,0,0,True Negative
11,space_3,0,0,True Negative
11,space_4,0,0,True Negative
11,space_5,0,0,True Negative
11,space_6,0,0,True Negative
11,space_7,0,0,True Negative
11,space_8,0,0,True Negative
11,space_9,0,0,True Negative
11,space_10,0,0,True Negative
11,space_11,0,0,True Negative
11,space_12,0,0,True Negative
12,space_1,0,0,True Negative
12,space_2,0,0,True Negative
12,space_3,0,0,True Negative
12,space_4,0,0,True Negative
12,space_5,0,0,True Negative
12,space_6,0,0,True Negative
12,space_7,0,0,True Negative
12,space_8,0,0,True Negative
12,space_9,0,0,True Negative
12,space_10,0,0,True Negative
12,space_11,0,0,True Negative
12,space_12,0,0,True Negative
13,space_1,0,0,True Negative
13,space_2,0,0,True Negative
13,space_3,0,0,True Negative
13,space_4,0,0,True Negative
13,space_5,0,0,True Negative
13,space_6,0,0,True Negative
13,space_7,0,0,True Negative
13,space_8,0,0,True Negative
13,space_9,0,0,True Negative
13,space_10,0,0,True Negative
13,space_11,0,0,True Negative
13,space_12,0,0,True Negative
14,space_1,0,0,True Negative
14,space_2,0,0,True Negative
14,space_3,0,0,True Negative
14,space_4,0,0,True Negative
14,space_5,0,0,True Negative
14,space_6,0,0,True Negative
14,space_7,0,0,True Negative
14,space_8,0,0,True Negative
14,space_9,0,0,True Negative
14,space_10,0,0,True Negative
14,space_11,0,0,True Negative
14,space_12,0,0,True Negative
15,space_1,0,0,True Negative
15,space_2,0,0,True Negative
15,space_3,0,0,True Negative
15,space_4,0,0,True Negative
15,space_5,0,0,True Negative
15,space_6,0,0,True Negative
15,space_7,0,0,True Negative
15,space_8,0,0,True Negative
15,space_9,0,0,True Negative
15,space_10,0,0,True Negative
15,space_11,0,0,True Negative
15,space_12,0,0,True Negative
16,space_1,0,0,True Negative
16,space_2,0,0,True Negative
16,space_3,0,0,True Negative
16,space_4,0,0,True Negative
16,space_5,0,0,True Negative
16,space_6,0,0,True Negative
16,space_7,0,0,True Negative
16,space_8,0,0,True Negative
16,space_9,0,0,True Negative
16,space_10,0,0,True Negative
16,space_11,0,0,True Negative
16,space_12,0,0,True Negative
17,space_1,0,0,True Negative
17,space_2,0,0,True Negative
17,space_3,0,0,True Negative
17,space_4,0,0,True Negative
17,space_5,0,0,True Negative
17,space_6,0,0,True Negative
17,space_7,0,0,True Negative
17,space_8,0,0,True Negative
17,space_9,0,0,True Negative
17,space_10,0,0,True Negative
17,space_11,0,0,True Negative
17,space_12,0,0,True Negative
18,space_1,0,0,True Negative
18,space_2,0,0,True Negative
18,space_3,0,0,True Negative
18,space_4,0,0,True Negative
18,space_5,0,0,True Negative
18,space_6,0,0,True Negative
18,space_7,0,0,True Negative
18,space_8,0,0,True Negative
18,space_9,0,0,True Negative
18,space_10,0,0,True Negative
18,space_11,0,0,True Negative
18,space_12,0,0,True Negative
19,space_1,0,0,True Negative
19,space_2,0,0,True Negative
19,space_3,0,0,True Negative
19,space_4,0,0,True Negative
19,space_5,0,0,True Negative
19,space_6,0,0,True Negative
19,space_7,0,0,True Negative
19,space_8,0,0,True Negative
19,space_9,0,0,True Negative
19,space_10,0,0,True Negative
19,space_11,0,0,True Negative
19,space_12,0,0,True Negative
20,space_1,0,0,True Negative
20,space_2,0,0,True Negative
20,space_3,0,0,True Negative
20,space_4,0,0,True Negative
20,space_5,0,0,True Negative
20,space_6,0,0,True Negative
20,space_7,0,0,True Negative
20,space_8,0,0,True Negative
20,space_9,0,0,True Negative
20,space_10,0,0,True Negative
20,space_11,0,0,True Negative
20,space_12,0,0,True Negative
21,space_1,0,0,True Negative
21,space_2,0,0,True Negative
21,space_3,0,0,True Negative
21,space_4,0,0,True Negative
21,space_5,0,0,True Negative
21,space_6,0,0,True Negative
21,space_7,0,0,True Negative
21,space_8,0,0,True Negative
21,space_9,0,0,True Negative
21,space_10,0,0,True Negative
21,space_11,0,0,True Negative
21,space_12,0,0,True Negative
22,space_1,0,0,True Negative
22,space_2,0,0,True Negative
22,space_3,0,0,True Negative
22,space_4,0,0,True Negative
22,space_5,0,0,True Negative
22,space_6,0,0,True Negative
22,space_7,0,0,True Negative
22,space_8,0,0,True Negative
22,space_9,0,0,True Negative
22,space_10,0,0,True Negative
22,space_11,0,0,True Negative
22,space_12,0,0,True Negative
23,space_1,0,0,True Negative
23,space_2,0,0,True Negative
23,space_3,0,0,True Negative
23,space_4,0,0,True Negative
23,space_5,0,0,True Negative
23,space_6,0,0,True Negative
23,space_7,0,0,True Negative
23,space_8,0,0,True Negative
23,space_9,0,0,True Negative
23,space_10,0,0,True Negative
23,space_11,0,0,True Negative
23,space_12,0,0,True Negative
24,space_1,0,0,True Negative
24,space_2,0,0,True Negative
24,space_3,0,0,True Negative
24,space_4,0,0,True Negative
24,space_5,0,0,True Negative
24,space_6,0,0,True Negative
24,space_7,0,0,True Negative
24,space_8,0,0,True Negative
24,space_9,0,0,True Negative
24,space_10,0,0,True Negative
24,space_11,0,0,True Negative
24,space_12,0,0,True Negative
25,space_1,0,0,True Negative
25,space_2,0,0,True Negative
25,space_3,0,0,True Negative
25,space_4,0,0,True Negative
25,space_5,0,0,True Negative
25,space_6,0,0,True Negative
25,space_7,0,0,True Negative
25,space_8,0,0,True Negative
25,space_9,0,0,True Negative
25,space_10,0,0,True Negative
25,space_11,0,0,True Negative
25,space_12,0,0,True Negative
26,space_1,0,0,True Negative
26,space_2,0,0,True Negative
26,space_3,0,0,True Negative
26,space_4,0,0,True Negative
26,space_5,0,0,True Negative
26,space_6,0,0,True Negative
26,space_7,0,0,True Negative
26,space_8,0,0,True Negative
26,space_9,0,0,True Negative
26,space_10,0,0,True Negative
26,space_11,0,0,True Negative
26,space_12,0,0,True Negative
27,space_1,0,0,True Negative
27,space_2,0,0,True Negative
27,space_3,0,0,True Negative
27,space_4,0,0,True Negative
27,space_5,0,0,True Negative
27,space_6,0,0,True Negative
27,space_7,0,0,True Negative
27,space_8,0,0,True Negative
27,space_9,0,0,True Negative
27,space_10,0,0,True Negative
27,space_11,0,0,True Negative
27,space_12,0,0,True Negative
28,space_1,0,0,True Negative
28,space_2,0,0,True Negative
28,space_3,0,0,True Negative
28,space_4,0,0,True Negative
28,space_5,0,0,True Negative
28,space_6,0,0,True Negative
28,space_7,0,0,True Negative
28,space_8,0,0,True Negative
28,space_9,0,0,True Negative
28,space_10,0,0,True Negative
28,space_11,0,0,True Negative
28,space_12,0,0,True Negative
29,space_1,0,0,True Negative
29,space_2,0,0,True Negative
29,space_3,0,0,True Negative
29,space_4,0,0,True Negative
29,space_5,0,0,True Negative
29,space_6,0,0,True Negative
29,space_7,0,0,True Negative
29,space_8,0,0,True Negative
29,space_9,0,0,True Negative
29,space_10,0,0,True Negative
29,space_11,0,0,True Negative
29,space_12,0,0,True Negative
30,space_1,0,0,True Negative
30,space_2,0,0,True Negative
30,space_3,0,0,True Negative
30,space_4,0,0,True Negative
30,space_5,0,0,True Negative
30,space_6,0,0,True Negative
30,space_7,0,0,True Negative
30,space_8,0,0,True Negative
30,space_9,0,0,True Negative
30,space_10,0,0,True Negative
30,space_11,0,0,True Negative
30,space_12,0,0,True Negative
31,space_1,0,0,True Negative
31,space_2,0,0,True Negative
31,space_3,0,0,True Negative
31,space_4,0,0,True Negative
31,space_5,0,0,True Negative
31,space_6,0,0,True Negative
31,space_7,0,0,True Negative
31,space_8,0,0,True Negative
31,space_9,0,0,True Negative
31,space_10,0,0,True Negative
31,space_11,0,0,True Negative
31,space_12,0,0,True Negative
32,space_1,0,0,True Negative
32,space_2,0,0,True Negative
32,space_3,0,0,True Negative
32,space_4,0,0,True Negative
32,space_5,0,0,True Negative
32,space_6,0,0,True Negative
32,space_7,0,0,True Negative
32,space_8,0,0,True Negative
32,space_9,0,0,True Negative
32,space_10,0,0,True Negative
32,space_11,0,0,True Negative
32,space_12,0,0,True Negative
33,space_1,0,0,True Negative
33,space_2,0,0,True Negative
33,space_3,0,0,True Negative
33,space_4,0,0,True Negative
33,space_5,0,0,True Negative
33,space_6,0,0,True Negative
33,space_7,0,0,True Negative
33,space_8,0,0,True Negative
33,space_9,0,0,True Negative
33,space_10,0,0,True Negative
33,space_11,0,0,True Negative
33,space_12,0,0,True Negative
34,space_1,0,0,True Negative
34,space_2,0,0,True Negative
34,space_3,0,0,True Negative
34,space_4,0,0,True Negative
34,space_5,0,0,True Negative
34,space_6,0,0,True Negative
34,space_7,0,0,True Negative
34,space_8,0,0,True Negative
34,space_9,0,0,True Negative
34,space_10,0,0,True Negative
34,space_11,0,0,True Negative
34,space_12,0,0,True Negative
35,space_1,0,0,True Negative
35,space_2,0,0,True Negative
35,space_3,0,0,True Negative
35,space_4,0,0,True Negative
35,space_5,0,0,True Negative
35,space_6,0,0,True Negative
35,space_7,0,0,True Negative
35,space_8,0,0,True Negative
35,space_9,0,0,True Negative
35,space_10,0,0,True Negative
35,space_11,0,0,True Negative
35,space_12,0,0,True Negative
36,space_1,0,0,True Negative
36,space_2,0,0,True Negative
36,space_3,0,0,True Negative
36,space_4,0,0,True Negative
36,space_5,0,0,True Negative
36,space_6,0,0,True Negative
36,space_7,0,0,True Negative
36,space_8,0,0,True Negative
36,space_9,0,0,True Negative
36,space_10,0,0,True Negative
36,space_11,0,0,True Negative
36,space_12,0,0,True Negative
37,space_1,0,0,True Negative
37,space_2,0,0,True Negative
37,space_3,0,0,True Negative
37,space_4,0,0,True Negative
37,space_5,0,0,True Negative
37,space_6,0,0,True Negative
37,space_7,0,0,True Negative
37,space_8,0,0,True Negative
37,space_9,0,0,True Negative
37,space_10,0,0,True Negative
37,space_11,0,0,True Negative
37,space_12,0,0,True Negative
38,space_1,0,0,True Negative
38,space_2,0,0,True Negative
38,space_3,0,0,True Negative
38,space_4,0,0,True Negative
38,space_5,0,0,True Negative
38,space_6,0,0,True Negative
38,space_7,0,0,True Negative
38,space_8,0,0,True Negative
38,space_9,0,0,True Negative
38,space_10,0,0,True Negative
38,space_11,0,0,True Negative
38,space_12,0,0,True Negative
39,space_1,0,0,True Negative
39,space_2,0,0,True Negative
39,space_3,0,0,True Negative
39,space_4,0,0,True Negative
39,space_5,0,0,True Negative
39,space_6,0,0,True Negative
39,space_7,0,0,True Negative
39,space_8,0,0,True Negative
39,space_9,0,0,True Negative
39,space_10,0,0,True Negative
39,space_11,0,0,True Negative
39,space_12,0,0,True Negative
40,space_1,0,0,True Negative
40,space_2,0,0,True Negative
40,space_3,0,0,True Negative
40,space_4,0,0,True Negative
40,space_5,0,0,True Negative
40,space_6,0,0,True Negative
40,space_7,0,0,True Negative
40,space_8,0,0,True Negative
40,space_9,0,0,True Negative
40,space_10,0,0,True Negative
40,space_11,0,0,True Negative
40,space_12,0,0,True Negative
41,space_1,0,0,True Negative
41,space_2,0,0,True Negative
41,space_3,0,0,True Negative
41,space_4,0,0,True Negative
41,space_5,0,0,True Negative
41,space_6,0,0,True Negative
41,space_7,0,0,True Negative
41,space_8,0,0,True Negative
41,space_9,0,0,True Negative
41,space_10,0,0,True Negative
41,space_11,0,0,True Negative
41,space_12,0,0,True Negative
42,space_1,0,0,True Negative
42,space_2,0,0,True Negative
42,space_3,0,0,True Negative
42,space_4,0,0,True Negative
42,space_5,0,0,True Negative
42,space_6,0,0,True Negative
42,space_7,0,0,True Negative
42,space_8,0,0,True Negative
42,space_9,0,0,True Negative
42,space_10,0,0,True Negative
42,space_11,0,0,True Negative
42,space_12,0,0,True Negative
43,space_1,0,0,True Negative
43,space_2,0,0,True Negative
43,space_3,0,0,True Negative
43,space_4,0,0,True Negative
43,space_5,0,0,True Negative
43,space_6,0,0,True Negative
43,space_7,0,0,True Negative
43,space_8,0,0,True Negative
43,space_9,0,0,True Negative
43,space_10,0,0,True Negative
43,space_11,0,0,True Negative
43,space_12,0,0,True Negative
44,space_1,0,0,True Negative
44,space_2,0,0,True Negative
44,space_3,0,0,True Negative
44,space_4,0,0,True Negative
44,space_5,0,0,True Negative
44,space_6,0,0,True Negative
44,space_7,0,0,True Negative
44,space_8,0,0,True Negative
44,space_9,0,0,True Negative
44,space_10,0,0,True Negative
44,space_11,0,0,True Negative
44,space_12,0,0,True Negative
45,space_1,0,0,True Negative
45,space_2,0,0,True Negative
45,space_3,0,0,True Negative
45,space_4,0,0,True Negative
45,space_5,0,0,True Negative
45,space_6,0,0,True Negative
45,space_7,0,0,True Negative
45,space_8,0,0,True Negative
45,space_9,0,0,True Negative
45,space_10,1,0,False Negative
45,space_11,1,0,False Negative
45,space_12,0,0,True Negative
46,space_1,0,0,True Negative
46,space_2,0,0,True Negative
46,space_3,0,0,True Negative
46,space_4,0,0,True Negative
46,space_5,0,0,True Negative
46,space_6,0,0,True Negative
46,space_7,0,0,True Negative
46,space_8,0,0,True Negative
46,space_9,0,0,True Negative
46,space_10,1,0,False Negative
46,space_11,1,0,False Negative
46,space_12,0,0,True Negative
47,space_1,0,0,True Negative
47,space_2,0,0,True Negative
47,space_3,0,0,True Negative
47,space_4,0,0,True Negative
47,space_5,0,0,True Negative
47,space_6,0,0,True Negative
47,space_7,0,0,True Negative
47,space_8,1,0,False Negative
47,space_9,0,0,True Negative
47,space_10,1,0,False Negative
47,space_11,1,0,False Negative
47,space_12,1,0,False Negative
48,space_1,0,0,True Negative
48,space_2,0,0,True Negative
48,space_3,0,0,True Negative
48,space_4,0,0,True Negative
48,space_5,0,0,True Negative
48,space_6,0,0,True Negative
48,space_7,0,0,True Negative
48,space_8,1,0,False Negative
48,space_9,0,0,True Negative
48,space_10,1,0,False Negative
48,space_11,1,0,False Negative
48,space_12,1,0,False Negative
49,space_1,0,0,True Negative
49,space_2,0,0,True Negative
49,space_3,0,0,True Negative
49,space_4,0,0,True Negative
49,space_5,0,0,True Negative
49,space_6,0,0,True Negative
49,space_7,1,0,False Negative
49,space_8,1,0,False Negative
49,space_9,0,0,True Negative
49,space_10,1,0,False Negative
49,space_11,1,0,False Negative
49,space_12,1,0,False Negative
50,space_1,0,0,True Negative
50,space_2,0,0,True Negative
50,space_3,0,0,True Negative
50,space_4,0,0,True Negative
50,space_5,0,0,True Negative
50,space_6,0,0,True Negative
50,space_7,1,0,False Negative
50,space_8,1,0,False Negative
50,space_9,0,0,True Negative
50,space_10,1,0,False Negative
50,space_11,1,0,False Negative
50,space_12,1,0,False Negative
51,space_1,0,0,True Negative
51,space_2,0,0,True Negative
51,space_3,0,0,True Negative
51,space_4,0,0,True Negative
51,space_5,0,0,True Negative
51,space_6,0,0,True Negative
51,space_7,1,0,False Negative
51,space_8,1,0,False Negative
51,space_9,0,0,True Negative
51,space_10,1,0,False Negative
51,space_11,1,0,False Negative
51,space_12,1,0,False Negative
52,space_1,0,0,True Negative
52,space_2,0,0,True Negative
52,space_3,0,0,True Negative
52,space_4,0,0,True Negative
52,space_5,0,0,True Negative
52,space_6,0,0,True Negative
52,space_7,1,0,False Negative
52,space_8,1,0,False Negative
52,space_9,1,0,False Negative
52,space_10,1,0,False Negative
52,space_11,1,0,False Negative
52,space_12,1,0,False Negative
53,space_1,0,0,True Negative
53,space_2,0,0,True Negative
53,space_3,0,0,True Negative
53,space_4,0,0,True Negative
53,space_5,0,0,True Negative
53,space_6,0,0,True Negative
53,space_7,1,0,False Negative
53,space_8,1,0,False Negative
53,space_9,1,0,False Negative
53,space_10,1,0,False Negative
53,space_11,1,0,False Negative
53,space_12,1,0,False Negative
54,space_1,0,0,True Negative
54,space_2,0,0,True Negative
54,space_3,0,0,True Negative
54,space_4,0,0,True Negative
54,space_5,0,0,True Negative
54,space_6,0,0,True Negative
54,space_7,1,0,False Negative
54,space_8,1,0,False Negative
54,space_9,1,0,False Negative
54,space_10,1,0,False Negative
54,space_11,1,0,False Negative
54,space_12,1,0,False Negative
55,space_1,0,0,True Negative
55,space_2,0,0,True Negative
55,space_3,0,0,True Negative
55,space_4,0,0,True Negative
55,space_5,0,0,True Negative
55,space_6,0,0,True Negative
55,space_7,1,0,False Negative
55,space_8,1,0,False Negative
55,space_9,1,0,False Negative
55,space_10,1,0,False Negative
55,space_11,1,0,False Negative
55,space_12,1,0,False Negative
56,space_1,0,0,True Negative
56,space_2,0,0,True Negative
56,space_3,0,0,True Negative
56,space_4,0,0,True Negative
56,space_5,0,0,True Negative
56,space_6,0,0,True Negative
56,space_7,1,0,False Negative
56,space_8,1,0,False Negative
56,space_9,1,0,False Negative
56,space_10,1,0,False Negative
56,space_11,1,0,False Negative
56,space_12,1,0,False Negative
57,space_1,0,0,True Negative
57,space_2,0,0,True Negative
57,space_3,0,0,True Negative
57,space_4,0,0,True Negative
57,space_5,0,0,True Negative
57,space_6,0,0,True Negative
57,space_7,1,0,False Negative
57,space_8,1,0,False Negative
57,space_9,1,0,False Negative
57,space_10,1,0,False Negative
57,space_11,1,0,False Negative
57,space_12,1,0,False Negative
58,space_1,0,0,True Negative
58,space_2,0,0,True Negative
58,space_3,0,0,True Negative
58,space_4,0,0,True Negative
58,space_5,0,0,True Negative
58,space_6,0,0,True Negative
58,space_7,1,0,False Negative
58,space_8,1,0,False Negative
58,space_9,1,0,False Negative
58,space_10,1,0,False Negative
58,space_11,1,0,False Negative
58,space_12,1,0,False Negative
59,space_1,0,0,True Negative
59,space_2,0,0,True Negative
59,space_3,0,0,True Negative
59,space_4,0,0,True Negative
59,space_5,0,0,True Negative
59,space_6,0,0,True Negative
59,space_7,1,0,False Negative
59,space_8,1,0,False Negative
59,space_9,1,0,False Negative
59,space_10,1,0,False Negative
59,space_11,1,0,False Negative
59,space_12,1,0,False Negative
60,space_1,0,0,True Negative
60,space_2,0,0,True Negative
60,space_3,0,0,True Negative
60,space_4,0,0,True Negative
60,space_5,0,0,True Negative
60,space_6,0,0,True Negative
60,space_7,1,0,False Negative
60,space_8,1,0,False Negative
60,space_9,1,0,False Negative
60,space_10,1,0,False Negative
60,space_11,1,0,False Negative
60,space_12,1,0,False Negative
61,space_1,0,0,True Negative
61,space_2,0,0,True Negative
61,space_3,0,0,True Negative
61,space_4,0,0,True Negative
61,space_5,0,0,True Negative
61,space_6,0,0,True Negative
61,space_7,1,0,False Negative
61,space_8,1,0,False Negative
61,space_9,1,0,False Negative
61,space_10,1,0,False Negative
61,space_11,0,0,True Negative
61,space_12,1,0,False Negative
62,space_1,0,0,True Negative
62,space_2,0,0,True Negative
62,space_3,0,0,True Negative
62,space_4,0,0,True Negative
62,space_5,0,0,True Negative
62,space_6,0,0,True Negative
62,space_7,1,0,False Negative
62,space_8,1,1,True Positive
62,space_9,1,0,False Negative
62,space_10,1,0,False Negative
62,space_11,0,0,True Negative
62,space_12,1,0,False Negative
63,space_1,0,0,True Negative
63,space_2,0,0,True Negative
63,space_3,0,0,True Negative
63,space_4,0,0,True Negative
63,space_5,0,0,True Negative
63,space_6,0,0,True Negative
63,space_7,1,0,False Negative
63,space_8,1,1,True Positive
63,space_9,1,0,False Negative
63,space_10,1,0,False Negative
63,space_11,0,0,True Negative
63,space_12,1,0,False Negative
64,space_1,0,0,True Negative
64,space_2,0,0,True Negative
64,space_3,0,0,True Negative
64,space_4,0,0,True Negative
64,space_5,0,0,True Negative
64,space_6,0,0,True Negative
64,space_7,1,0,False Negative
64,space_8,0,0,True Negative
64,space_9,1,0,False Negative
64,space_10,1,0,False Negative
64,space_11,0,0,True Negative
64,space_12,1,0,False Negative
65,space_1,0,0,True Negative
65,space_2,0,0,True Negative
65,space_3,0,0,True Negative
65,space_4,0,0,True Negative
65,space_5,0,0,True Negative
65,space_6,0,0,True Negative
65,space_7,1,0,False Negative
65,space_8,0,0,True Negative
65,space_9,1,0,False Negative
65,space_10,1,0,False Negative
65,space_11,0,0,True Negative
65,space_12,1,0,False Negative
66,space_1,0,0,True Negative
66,space_2,0,0,True Negative
66,space_3,0,0,True Negative
66,space_4,0,0,True Negative
66,space_5,0,0,True Negative
66,space_6,0,0,True Negative
66,space_7,1,0,False Negative
66,space_8,0,0,True Negative
66,space_9,1,0,False Negative
66,space_10,1,0,False Negative
66,space_11,0,0,True Negative
66,space_12,1,0,False Negative
67,space_1,0,0,True Negative
67,space_2,0,0,True Negative
67,space_3,0,0,True Negative
67,space_4,0,0,True Negative
67,space_5,0,0,True Negative
67,space_6,0,0,True Negative
67,space_7,1,0,False Negative
67,space_8,0,0,True Negative
67,space_9,1,0,False Negative
67,space_10,1,0,False Negative
67,space_11,0,0,True Negative
67,space_12,1,0,False Negative
68,space_1,0,0,True Negative
68,space_2,0,0,True Negative
68,space_3,0,0,True Negative
68,space_4,0,0,True Negative
68,space_5,0,0,True Negative
68,space_6,0,0,True Negative
68,space_7,1,0,False Negative
68,space_8,0,0,True Negative
68,space_9,1,0,False Negative
68,space_10,1,0,False Negative
68,space_11,0,0,True Negative
68,space_12,1,0,False Negative
69,space_1,0,0,True Negative
69,space_2,0,0,True Negative
69,space_3,0,0,True Negative
69,space_4,0,0,True Negative
69,space_5,0,0,True Negative
69,space_6,0,0,True Negative
69,space_7,0,0,True Negative
69,space_8,0,0,True Negative
69,space_9,0,0,True Negative
69,space_10,0,0,True Negative
69,space_11,0,0,True Negative
69,space_12,0,0,True Negative
70,space_1,0,0,True Negative
70,space_2,0,0,True Negative
70,space_3,0,0,True Negative
70,space_4,0,0,True Negative
70,space_5,0,0,True Negative
70,space_6,0,0,True Negative
70,space_7,0,0,True Negative
70,space_8,0,0,True Negative
70,space_9,0,0,True Negative
70,space_10,0,0,True Negative
70,space_11,0,0,True Negative
70,space_12,0,0,True Negative
71,space_1,0,0,True Negative
71,space_2,0,0,True Negative
71,space_3,0,0,True Negative
71,space_4,0,0,True Negative
71,space_5,0,0,True Negative
71,space_6,0,0,True Negative
71,space_7,0,0,True Negative
71,space_8,0,0,True Negative
71,space_9,0,0,True Negative
71,space_10,0,0,True Negative
71,space_11,1,0,False Negative
71,space_12,0,0,True Negative
72,space_1,0,0,True Negative
72,space_2,0,0,True Negative
72,space_3,0,0,True Negative
72,space_4,0,0,True Negative
72,space_5,0,0,True Negative
72,space_6,0,0,True Negative
72,space_7,0,0,True Negative
72,space_8,0,0,True Negative
72,space_9,0,0,True Negative
72,space_10,0,0,True Negative
72,space_11,1,0,False Negative
72,space_12,0,0,True Negative
73,space_1,0,0,True Negative
73,space_2,0,0,True Negative
73,space_3,0,0,True Negative
73,space_4,0,0,True Negative
73,space_5,0,0,True Negative
73,space_6,0,0,True Negative
73,space_7,0,0,True Negative
73,space_8,0,0,True Negative
73,space_9,0,0,True Negative
73,space_10,1,0,False Negative
73,space_11,1,0,False Negative
73,space_12,1,0,False Negative
74,space_1,0,0,True Negative
74,space_2,0,0,True Negative
74,space_3,0,0,True Negative
74,space_4,0,0,True Negative
74,space_5,0,0,True Negative
74,space_6,0,0,True Negative
74,space_7,0,0,True Negative
74,space_8,0,0,True Negative
74,space_9,0,0,True Negative
74,space_10,1,0,False Negative
74,space_11,1,0,False Negative
74,space_12,1,0,False Negative
75,space_1,0,0,True Negative
75,space_2,0,0,True Negative
75,space_3,0,0,True Negative
75,space_4,0,0,True Negative
75,space_5,0,0,True Negative
75,space_6,0,0,True Negative
75,space_7,0,0,True Negative
75,space_8,0,0,True Negative
75,space_9,0,0,True Negative
75,space_10,1,0,False Negative
75,space_11,1,0,False Negative
75,space_12,1,0,False Negative
76,space_1,0,0,True Negative
76,space_2,0,0,True Negative
76,space_3,0,0,True Negative
76,space_4,0,0,True Negative
76,space_5,0,0,True Negative
76,space_6,0,0,True Negative
76,space_7,0,0,True Negative
76,space_8,0,0,True Negative
76,space_9,1,0,False Negative
76,space_10,1,0,False Negative
76,space_11,1,0,False Negative
76,space_12,1,0,False Negative
77,space_1,0,0,True Negative
77,space_2,0,0,True Negative
77,space_3,0,0,True Negative
77,space_4,0,0,True Negative
77,space_5,0,0,True Negative
77,space_6,0,0,True Negative
77,space_7,0,0,True Negative
77,space_8,0,0,True Negative
77,space_9,1,0,False Negative
77,space_10,1,0,False Negative
77,space_11,1,0,False Negative
77,space_12,1,0,False Negative
78,space_1,0,0,True Negative
78,space_2,0,0,True Negative
78,space_3,0,0,True Negative
78,space_4,0,0,True Negative
78,space_5,0,0,True Negative
78,space_6,0,0,True Negative
78,space_7,0,0,True Negative
78,space_8,1,0,False Negative
78,space_9,1,0,False Negative
78,space_10,1,0,False Negative
78,space_11,1,0,False Negative
78,space_12,1,0,False Negative
79,space_1,0,0,True Negative
79,space_2,0,0,True Negative
79,space_3,0,0,True Negative
79,space_4,0,0,True Negative
79,space_5,0,0,True Negative
79,space_6,0,0,True Negative
79,space_7,0,0,True Negative
79,space_8,1,0,False Negative
79,space_9,1,0,False Negative
79,space_10,1,0,False Negative
79,space_11,1,0,False Negative
79,space_12,1,0,False Negative
80,space_1,0,0,True Negative
80,space_2,0,0,True Negative
80,space_3,0,0,True Negative
80,space_4,1,0,False Negative
80,space_5,0,0,True Negative
80,space_6,1,1,True Positive
80,space_7,1,1,True Positive
80,space_8,0,0,True Negative
80,space_9,1,0,False Negative
80,space_10,0,0,True Negative
80,space_11,0,0,True Negative
80,space_12,1,0,False Negative
81,space_1,0,0,True Negative
81,space_2,0,0,True Negative
81,space_3,0,0,True Negative
81,space_4,0,0,True Negative
81,space_5,0,0,True Negative
81,space_6,1,0,False Negative
81,space_7,1,1,True Positive
81,space_8,0,0,True Negative
81,space_9,0,0,True Negative
81,space_10,0,0,True Negative
81,space_11,0,0,True Negative
81,space_12,1,0,False Negative
82,space_1,0,0,True Negative
82,space_2,0,0,True Negative
82,space_3,0,0,True Negative
82,space_4,0,0,True Negative
82,space_5,0,0,True Negative
82,space_6,1,1,True Positive
82,space_7,1,1,True Positive
82,space_8,0,0,True Negative
82,space_9,0,0,True Negative
82,space_10,0,0,True Negative
82,space_11,0,0,True Negative
82,space_12,1,0,False Negative
83,space_1,0,0,True Negative
83,space_2,0,0,True Negative
83,space_3,0,0,True Negative
83,space_4,0,0,True Negative
83,space_5,0,0,True Negative
83,space_6,0,0,True Negative
83,space_7,0,0,True Negative
83,space_8,0,0,True Negative
83,space_9,0,0,True Negative
83,space_10,0,0,True Negative
83,space_11,1,0,False Negative
83,space_12,0,0,True Negative
84,space_1,0,0,True Negative
84,space_2,0,0,True Negative
84,space_3,0,0,True Negative
84,space_4,0,0,True Negative
84,space_5,0,0,True Negative
84,space_6,0,0,True Negative
84,space_7,0,0,True Negative
84,space_8,0,0,True Negative
84,space_9,0,0,True Negative
84,space_10,0,0,True Negative
84,space_11,1,0,False Negative
84,space_12,0,0,True Negative
85,space_1,0,0,True Negative
85,space_2,1,1,True Positive
85,space_3,1,0,False Negative
85,space_4,1,0,False Negative
85,space_5,0,0,True Negative
85,space_6,0,0,True Negative
85,space_7,0,0,True Negative
85,space_8,1,0,False Negative
85,space_9,1,0,False Negative
85,space_10,0,0,True Negative
85,space_11,1,0,False Negative
85,space_12,1,0,False Negative
86,space_1,0,0,True Negative
86,space_2,1,0,False Negative
86,space_3,1,0,False Negative
86,space_4,1,0,False Negative
86,space_5,0,0,True Negative
86,space_6,0,0,True Negative
86,space_7,0,0,True Negative
86,space_8,1,0,False Negative
86,space_9,1,0,False Negative
86,space_10,0,0,True Negative
86,space_11,1,0,False Negative
86,space_12,1,0,False Negative
87,space_1,0,0,True Negative
87,space_2,1,0,False Negative
87,space_3,1,0,False Negative
87,space_4,1,0,False Negative
87,space_5,0,0,True Negative
87,space_6,0,0,True Negative
87,space_7,0,0,True Negative
87,space_8,1,0,False Negative
87,space_9,1,0,False Negative
87,space_10,0,0,True Negative
87,space_11,1,0,False Negative
87,space_12,1,0,False Negative
88,space_1,0,0,True Negative
88,space_2,1,0,False Negative
88,space_3,1,0,False Negative
88,space_4,1,0,False Negative
88,space_5,0,0,True Negative
88,space_6,0,0,True Negative
88,space_7,0,0,True Negative
88,space_8,1,0,False Negative
88,space_9,1,0,False Negative
88,space_10,0,0,True Negative
88,space_11,1,0,False Negative
88,space_12,1,0,False Negative
89,space_1,0,0,True Negative
89,space_2,1,0,False Negative
89,space_3,0,0,True Negative
89,space_4,1,0,False Negative
89,space_5,0,0,True Negative
89,space_6,0,0,True Negative
89,space_7,0,0,True Negative
89,space_8,1,0,False Negative
89,space_9,1,0,False Negative
89,space_10,0,0,True Negative
89,space_11,1,0,False Negative
89,space_12,1,0,False Negative
90,space_1,0,0,True Negative
90,space_2,1,0,False Negative
90,space_3,0,0,True Negative
90,space_4,1,0,False Negative
90,space_5,0,0,True Negative
90,space_6,0,0,True Negative
90,space_7,0,0,True Negative
90,space_8,1,0,False Negative
90,space_9,1,0,False Negative
90,space_10,0,0,True Negative
90,space_11,1,0,False Negative
90,space_12,1,0,False Negative
91,space_1,0,0,True Negative
91,space_2,1,0,False Negative
91,space_3,0,0,True Negative
91,space_4,1,0,False Negative
91,space_5,0,0,True Negative
91,space_6,1,0,False Negative
91,space_7,0,0,True Negative
91,space_8,1,0,False Negative
91,space_9,1,0,False Negative
91,space_10,0,0,True Negative
91,space_11,1,0,False Negative
91,space_12,1,0,False Negative
92,space_1,0,0,True Negative
92,space_2,1,0,False Negative
92,space_3,0,0,True Negative
92,space_4,1,0,False Negative
92,space_5,0,0,True Negative
92,space_6,1,0,False Negative
92,space_7,0,0,True Negative
92,space_8,1,0,False Negative
92,space_9,1,0,False Negative
92,space_10,0,0,True Negative
92,space_11,1,0,False Negative
92,space_12,1,0,False Negative
93,space_1,0,0,True Negative
93,space_2,1,0,False Negative
93,space_3,0,0,True Negative
93,space_4,1,0,False Negative
93,space_5,0,0,True Negative
93,space_6,1,0,False Negative
93,space_7,0,0,True Negative
93,space_8,1,0,False Negative
93,space_9,1,0,False Negative
93,space_10,0,0,True Negative
93,space_11,1,0,False Negative
93,space_12,1,0,False Negative
94,space_1,0,0,True Negative
94,space_2,1,0,False Negative
94,space_3,0,0,True Negative
94,space_4,1,0,False Negative
94,space_5,1,0,False Negative
94,space_6,1,0,False Negative
94,space_7,0,0,True Negative
94,space_8,1,0,False Negative
94,space_9,1,0,False Negative
94,space_10,0,0,True Negative
94,space_11,1,1,True Positive
94,space_12,0,0,True Negative
95,space_1,0,0,True Negative
95,space_2,1,0,False Negative
95,space_3,0,0,True Negative
95,space_4,1,0,False Negative
95,space_5,1,0,False Negative
95,space_6,1,0,False Negative
95,space_7,0,0,True Negative
95,space_8,1,0,False Negative
95,space_9,1,0,False Negative
95,space_10,0,0,True Negative
95,space_11,1,1,True Positive
95,space_12,0,0,True Negative
96,space_1,0,0,True Negative
96,space_2,1,0,False Negative
96,space_3,0,0,True Negative
96,space_4,1,0,False Negative
96,space_5,1,0,False Negative
96,space_6,1,0,False Negative
96,space_7,0,0,True Negative
96,space_8,1,0,False Negative
96,space_9,1,0,False Negative
96,space_10,0,0,True Negative
96,space_11,0,0,True Negative
96,space_12,0,0,True Negative
97,space_1,0,0,True Negative
97,space_2,1,1,True Positive
97,space_3,0,0,True Negative
97,space_4,1,0,False Negative
97,space_5,1,0,False Negative
97,space_6,1,0,False Negative
97,space_7,0,0,True Negative
97,space_8,1,0,False Negative
97,space_9,1,0,False Negative
97,space_10,0,0,True Negative
97,space_11,0,0,True Negative
97,space_12,0,0,True Negative
98,space_1,0,0,True Negative
98,space_2,1,1,True Positive
98,space_3,0,0,True Negative
98,space_4,1,0,False Negative
98,space_5,1,0,False Negative
98,space_6,1,0,False Negative
98,space_7,0,0,True Negative
98,space_8,1,0,False Negative
98,space_9,0,0,True Negative
98,space_10,1,0,False Negative
98,space_11,0,0,True Negative
98,space_12,0,0,True Negative
99,space_1,0,0,True Negative
99,space_2,1,0,False Negative
99,space_3,0,0,True Negative
99,space_4,1,0,False Negative
99,space_5,1,0,False Negative
99,space_6,1,0,False Negative
99,space_7,0,0,True Negative
99,space_8,1,0,False Negative
99,space_9,0,0,True Negative
99,space_10,1,0,False Negative
99,space_11,0,0,True Negative
99,space_12,0,0,True Negative
100,space_1,0,0,True Negative
100,space_2,1,1,True Positive
100,space_3,0,0,True Negative
100,space_4,1,0,False Negative
100,space_5,1,0,False Negative
100,space_6,1,0,False Negative
100,space_7,0,0,True Negative
100,space_8,1,0,False Negative
100,space_9,0,0,True Negative
100,space_10,1,0,False Negative
100,space_11,0,0,True Negative
100,space_12,0,0,True Negative
101,space_1,0,0,True Negative
101,space_2,1,0,False Negative
101,space_3,0,0,True Negative
101,space_4,1,0,False Negative
101,space_5,1,0,False Negative
101,space_6,1,0,False Negative
101,space_7,0,0,True Negative
101,space_8,0,0,True Negative
101,space_9,0,0,True Negative
101,space_10,0,0,True Negative
101,space_11,0,0,True Negative
101,space_12,0,0,True Negative
102,space_1,0,0,True Negative
102,space_2,1,0,False Negative
102,space_3,0,0,True Negative
102,space_4,1,0,False Negative
102,space_5,1,0,False Negative
102,space_6,1,0,False Negative
102,space_7,0,0,True Negative
102,space_8,0,0,True Negative
102,space_9,0,0,True Negative
102,space_10,0,0,True Negative
102,space_11,0,0,True Negative
102,space_12,0,0,True Negative
103,space_1,0,0,True Negative
103,space_2,0,0,True Negative
103,space_3,0,0,True Negative
103,space_4,0,0,True Negative
103,space_5,0,0,True Negative
103,space_6,0,0,True Negative
103,space_7,0,0,True Negative
103,space_8,0,0,True Negative
103,space_9,0,0,True Negative
103,space_10,0,0,True Negative
103,space_11,0,0,True Negative
103,space_12,0,0,True Negative
104,space_1,0,0,True Negative
104,space_2,0,0,True Negative
104,space_3,0,0,True Negative
104,space_4,0,0,True Negative
104,space_5,0,0,True Negative
104,space_6,0,0,True Negative
104,space_7,0,0,True Negative
104,space_8,0,0,True Negative
104,space_9,0,0,True Negative
104,space_10,0,0,True Negative
104,space_11,0,0,True Negative
104,space_12,0,0,True Negative
105,space_1,0,0,True Negative
105,space_2,0,0,True Negative
105,space_3,0,0,True Negative
105,space_4,0,0,True Negative
105,space_5,0,0,True Negative
105,space_6,0,0,True Negative
105,space_7,0,0,True Negative
105,space_8,0,0,True Negative
105,space_9,0,0,True Negative
105,space_10,0,0,True Negative
105,space_11,0,0,True Negative
105,space_12,0,0,True Negative
106,space_1,0,0,True Negative
106,space_2,0,0,True Negative
106,space_3,0,0,True Negative
106,space_4,0,0,True Negative
106,space_5,0,0,True Negative
106,space_6,0,0,True Negative
106,space_7,0,0,True Negative
106,space_8,0,0,True Negative
106,space_9,0,0,True Negative
106,space_10,0,0,True Negative
106,space_11,0,0,True Negative
106,space_12,0,0,True Negative
107,space_1,0,0,True Negative
107,space_2,0,0,True Negative
107,space_3,0,0,True Negative
107,space_4,0,0,True Negative
107,space_5,0,0,True Negative
107,space_6,0,0,True Negative
107,space_7,0,0,True Negative
107,space_8,0,0,True Negative
107,space_9,0,0,True Negative
107,space_10,0,0,True Negative
107,space_11,0,0,True Negative
107,space_12,0,0,True Negative
108,space_1,0,0,True Negative
108,space_2,1,0,False Negative
108,space_3,0,0,True Negative
108,space_4,0,0,True Negative
108,space_5,0,0,True Negative
108,space_6,0,0,True Negative
108,space_7,0,0,True Negative
108,space_8,0,0,True Negative
108,space_9,0,0,True Negative
108,space_10,0,0,True Negative
108,space_11,0,0,True Negative
108,space_12,0,0,True Negative
109,space_1,0,0,True Negative
109,space_2,1,0,False Negative
109,space_3,0,0,True Negative
109,space_4,0,0,True Negative
109,space_5,0,0,True Negative
109,space_6,0,0,True Negative
109,space_7,0,0,True Negative
109,space_8,0,0,True Negative
109,space_9,0,0,True Negative
109,space_10,0,0,True Negative
109,space_11,0,0,True Negative
109,space_12,0,0,True Negative
110,space_1,0,0,True Negative
110,space_2,1,0,False Negative
110,space_3,0,0,True Negative
110,space_4,0,0,True Negative
110,space_5,0,0,True Negative
110,space_6,0,0,True Negative
110,space_7,0,0,True Negative
110,space_8,0,0,True Negative
110,space_9,0,0,True Negative
110,space_10,0,0,True Negative
110,space_11,0,0,True Negative
110,space_12,0,0,True Negative
111,space_1,0,0,True Negative
111,space_2,1,0,False Negative
111,space_3,0,0,True Negative
111,space_4,0,0,True Negative
111,space_5,0,0,True Negative
111,space_6,0,0,True Negative
111,space_7,0,0,True Negative
111,space_8,0,0,True Negative
111,space_9,0,0,True Negative
111,space_10,0,0,True Negative
111,space_11,0,0,True Negative
111,space_12,0,0,True Negative
112,space_1,0,0,True Negative
112,space_2,1,0,False Negative
112,space_3,0,0,True Negative
112,space_4,0,0,True Negative
112,space_5,0,0,True Negative
112,space_6,0,0,True Negative
112,space_7,0,0,True Negative
112,space_8,0,0,True Negative
112,space_9,0,0,True Negative
112,space_10,0,0,True Negative
112,space_11,0,0,True Negative
112,space_12,0,0,True Negative
113,space_1,0,0,True Negative
113,space_2,1,0,False Negative
113,space_3,0,0,True Negative
113,space_4,0,0,True Negative
113,space_5,0,0,True Negative
113,space_6,0,0,True Negative
113,space_7,0,0,True Negative
113,space_8,0,0,True Negative
113,space_9,0,0,True Negative
113,space_10,0,0,True Negative
113,space_11,0,0,True Negative
113,space_12,0,0,True Negative
114,space_1,0,0,True Negative
114,space_2,1,0,False Negative
114,space_3,0,0,True Negative
114,space_4,0,0,True Negative
114,space_5,0,0,True Negative
114,space_6,0,0,True Negative
114,space_7,0,0,True Negative
114,space_8,0,0,True Negative
114,space_9,0,0,True Negative
114,space_10,0,0,True Negative
114,space_11,0,0,True Negative
114,space_12,0,0,True Negative
115,space_1,0,0,True Negative
115,space_2,0,0,True Negative
115,space_3,0,0,True Negative
115,space_4,0,0,True Negative
115,space_5,0,0,True Negative
115,space_6,0,0,True Negative
115,space_7,0,0,True Negative
115,space_8,0,0,True Negative
115,space_9,0,0,True Negative
115,space_10,0,0,True Negative
115,space_11,0,0,True Negative
115,space_12,0,0,True Negative
116,space_1,0,0,True Negative
116,space_2,0,0,True Negative
116,space_3,0,0,True Negative
116,space_4,0,0,True Negative
116,space_5,0,0,True Negative
116,space_6,0,0,True Negative
116,space_7,0,0,True Negative
116,space_8,0,0,True Negative
116,space_9,0,0,True Negative
116,space_10,0,0,True Negative
116,space_11,0,0,True Negative
116,space_12,0,0,True Negative
117,space_1,0,0,True Negative
117,space_2,0,0,True Negative
117,space_3,0,0,True Negative
117,space_4,0,0,True Negative
117,space_5,0,0,True Negative
117,space_6,0,0,True Negative
117,space_7,0,0,True Negative
117,space_8,0,0,True Negative
117,space_9,0,0,True Negative
117,space_10,0,0,True Negative
117,space_11,0,0,True Negative
117,space_12,0,0,True Negative
118,space_1,0,0,True Negative
118,space_2,0,0,True Negative
118,space_3,0,0,True Negative
118,space_4,0,0,True Negative
118,space_5,0,0,True Negative
118,space_6,0,0,True Negative
118,space_7,0,0,True Negative
118,space_8,0,0,True Negative
118,space_9,0,0,True Negative
118,space_10,0,0,True Negative
118,space_11,0,0,True Negative
118,space_12,0,0,True Negative
119,space_1,0,0,True Negative
119,space_2,0,0,True Negative
119,space_3,0,0,True Negative
119,space_4,0,0,True Negative
119,space_5,0,0,True Negative
119,space_6,0,0,True Negative
119,space_7,0,0,True Negative
119,space_8,0,0,True Negative
119,space_9,0,0,True Negative
119,space_10,0,0,True Negative
119,space_11,0,0,True Negative
119,space_12,0,0,True Negative
120,space_1,0,0,True Negative
120,space_2,0,0,True Negative
120,space_3,0,0,True Negative
120,space_4,0,0,True Negative
120,space_5,0,0,True Negative
120,space_6,0,0,True Negative
120,space_7,0,0,True Negative
120,space_8,0,0,True Negative
120,space_9,0,0,True Negative
120,space_10,0,0,True Negative
120,space_11,0,0,True Negative
120,space_12,0,0,True Negative
121,space_1,0,0,True Negative
121,space_2,0,0,True Negative
121,space_3,0,0,True Negative
121,space_4,0,0,True Negative
121,space_5,0,0,True Negative
121,space_6,0,0,True Negative
121,space_7,0,0,True Negative
121,space_8,0,0,True Negative
121,space_9,0,0,True Negative
121,space_10,0,0,True Negative
121,space_11,0,0,True Negative
121,space_12,0,0,True Negative
122,space_1,0,0,True Negative
122,space_2,0,0,True Negative
122,space_3,0,0,True Negative
122,space_4,0,0,True Negative
122,space_5,0,0,True Negative
122,space_6,0,0,True Negative
122,space_7,0,0,True Negative
122,space_8,0,0,True Negative
122,space_9,0,0,True Negative
122,space_10,0,0,True Negative
122,space_11,0,0,True Negative
122,space_12,0,0,True Negative
123,space_1,0,0,True Negative
123,space_2,0,0,True Negative
123,space_3,0,0,True Negative
123,space_4,0,0,True Negative
123,space_5,0,0,True Negative
123,space_6,0,0,True Negative
123,space_7,0,0,True Negative
123,space_8,0,0,True Negative
123,space_9,0,0,True Negative
123,space_10,0,0,True Negative
123,space_11,0,0,True Negative
123,space_12,0,0,True Negative
124,space_1,0,0,True Negative
124,space_2,0,0,True Negative
124,space_3,0,0,True Negative
124,space_4,0,0,True Negative
124,space_5,0,0,True Negative
124,space_6,0,0,True Negative
124,space_7,0,0,True Negative
124,space_8,0,0,True Negative
124,space_9,0,0,True Negative
124,space_10,0,0,True Negative
124,space_11,0,0,True Negative
124,space_12,0,0,True Negative
125,space_1,0,0,True Negative
125,space_2,0,0,True Negative
125,space_3,0,0,True Negative
125,space_4,0,0,True Negative
125,space_5,0,0,True Negative
125,space_6,0,0,True Negative
125,space_7,0,0,True Negative
125,space_8,0,0,True Negative
125,space_9,0,0,True Negative
125,space_10,0,0,True Negative
125,space_11,0,0,True Negative
125,space_12,0,0,True Negative
126,space_1,0,0,True Negative
126,space_2,0,0,True Negative
126,space_3,0,0,True Negative
126,space_4,0,0,True Negative
126,space_5,0,0,True Negative
126,space_6,0,0,True Negative
126,space_7,0,0,True Negative
126,space_8,0,0,True Negative
126,space_9,0,0,True Negative
126,space_10,0,0,True Negative
126,space_11,0,0,True Negative
126,space_12,0,0,True Negative
127,space_1,0,0,True Negative
127,space_2,0,0,True Negative
127,space_3,0,0,True Negative
127,space_4,0,0,True Negative
127,space_5,0,0,True Negative
127,space_6,0,0,True Negative
127,space_7,0,0,True Negative
127,space_8,0,0,True Negative
127,space_9,0,0,True Negative
127,space_10,0,0,True Negative
127,space_11,0,0,True Negative
127,space_12,0,0,True Negative
128,space_1,0,0,True Negative
128,space_2,0,0,True Negative
128,space_3,0,0,True Negative
128,space_4,0,0,True Negative
128,space_5,0,0,True Negative
128,space_6,0,0,True Negative
128,space_7,0,0,True Negative
128,space_8,0,0,True Negative
128,space_9,0,0,True Negative
128,space_10,0,0,True Negative
128,space_11,0,0,True Negative
128,space_12,0,0,True Negative
129,space_1,0,0,True Negative
129,space_2,0,0,True Negative
129,space_3,0,0,True Negative
129,space_4,0,0,True Negative
129,space_5,0,0,True Negative
129,space_6,0,0,True Negative
129,space_7,0,0,True Negative
129,space_8,0,0,True Negative
129,space_9,0,0,True Negative
129,space_10,0,0,True Negative
129,space_11,0,0,True Negative
129,space_12,0,0,True Negative
130,space_1,0,0,True Negative
130,space_2,0,0,True Negative
130,space_3,0,0,True Negative
130,space_4,0,0,True Negative
130,space_5,0,0,True Negative
130,space_6,0,0,True Negative
130,space_7,0,0,True Negative
130,space_8,0,0,True Negative
130,space_9,0,0,True Negative
130,space_10,0,0,True Negative
130,space_11,0,0,True Negative
130,space_12,0,0,True Negative
131,space_1,0,0,True Negative
131,space_2,0,0,True Negative
131,space_3,0,0,True Negative
131,space_4,0,0,True Negative
131,space_5,0,0,True Negative
131,space_6,0,0,True Negative
131,space_7,0,0,True Negative
131,space_8,0,0,True Negative
131,space_9,0,0,True Negative
131,space_10,0,0,True Negative
131,space_11,0,0,True Negative
131,space_12,0,0,True Negative
132,space_1,0,0,True Negative
132,space_2,0,0,True Negative
132,space_3,0,0,True Negative
132,space_4,0,0,True Negative
132,space_5,0,0,True Negative
132,space_6,0,0,True Negative
132,space_7,0,0,True Negative
132,space_8,0,0,True Negative
132,space_9,0,0,True Negative
132,space_10,0,0,True Negative
132,space_11,0,0,True Negative
132,space_12,0,0,True Negative
133,space_1,0,0,True Negative
133,space_2,0,0,True Negative
133,space_3,0,0,True Negative
133,space_4,0,0,True Negative
133,space_5,0,0,True Negative
133,space_6,0,0,True Negative
133,space_7,0,0,True Negative
133,space_8,0,0,True Negative
133,space_9,0,0,True Negative
133,space_10,0,0,True Negative
133,space_11,0,0,True Negative
133,space_12,0,0,True Negative
134,space_1,0,0,True Negative
134,space_2,0,0,True Negative
134,space_3,0,0,True Negative
134,space_4,0,0,True Negative
134,space_5,0,0,True Negative
134,space_6,0,0,True Negative
134,space_7,0,0,True Negative
134,space_8,0,0,True Negative
134,space_9,0,0,True Negative
134,space_10,0,0,True Negative
134,space_11,0,0,True Negative
134,space_12,0,0,True Negative
135,space_1,0,0,True Negative
135,space_2,0,0,True Negative
135,space_3,0,0,True Negative
135,space_4,0,0,True Negative
135,space_5,0,0,True Negative
135,space_6,0,0,True Negative
135,space_7,0,0,True Negative
135,space_8,0,0,True Negative
135,space_9,0,0,True Negative
135,space_10,0,0,True Negative
135,space_11,0,0,True Negative
135,space_12,0,0,True Negative
136,space_1,0,0,True Negative
136,space_2,0,0,True Negative
136,space_3,0,0,True Negative
136,space_4,0,0,True Negative
136,space_5,0,0,True Negative
136,space_6,0,0,True Negative
136,space_7,0,0,True Negative
136,space_8,0,0,True Negative
136,space_9,0,0,True Negative
136,space_10,0,0,True Negative
136,space_11,0,0,True Negative
136,space_12,0,0,True Negative
137,space_1,0,0,True Negative
137,space_2,0,0,True Negative
137,space_3,0,0,True Negative
137,space_4,0,0,True Negative
137,space_5,0,0,True Negative
137,space_6,0,0,True Negative
137,space_7,0,0,True Negative
137,space_8,0,0,True Negative
137,space_9,0,0,True Negative
137,space_10,0,0,True Negative
137,space_11,0,0,True Negative
137,space_12,0,0,True Negative
138,space_1,0,0,True Negative
138,space_2,0,0,True Negative
138,space_3,0,0,True Negative
138,space_4,0,0,True Negative
138,space_5,0,0,True Negative
138,space_6,0,0,True Negative
138,space_7,0,0,True Negative
138,space_8,0,0,True Negative
138,space_9,0,0,True Negative
138,space_10,0,0,True Negative
138,space_11,0,0,True Negative
138,space_12,0,0,True Negative
139,space_1,0,0,True Negative
139,space_2,0,0,True Negative
139,space_3,0,0,True Negative
139,space_4,0,0,True Negative
139,space_5,0,0,True Negative
139,space_6,0,0,True Negative
139,space_7,0,0,True Negative
139,space_8,0,0,True Negative
139,space_9,0,0,True Negative
139,space_10,0,0,True Negative
139,space_11,0,0,True Negative
139,space_12,0,0,True Negative
140,space_1,0,0,True Negative
140,space_2,0,0,True Negative
140,space_3,0,0,True Negative
140,space_4,0,0,True Negative
140,space_5,0,0,True Negative
140,space_6,0,0,True Negative
140,space_7,0,0,True Negative
140,space_8,0,0,True Negative
140,space_9,0,0,True Negative
140,space_10,0,0,True Negative
140,space_11,0,0,True Negative
140,space_12,0,0,True Negative
141,space_1,0,0,True Negative
141,space_2,0,0,True Negative
141,space_3,0,0,True Negative
141,space_4,0,0,True Negative
141,space_5,0,0,True Negative
141,space_6,0,0,True Negative
141,space_7,0,0,True Negative
141,space_8,0,0,True Negative
141,space_9,0,0,True Negative
141,space_10,0,0,True Negative
141,space_11,0,0,True Negative
141,space_12,0,0,True Negative
142,space_1,0,0,True Negative
142,space_2,0,0,True Negative
142,space_3,0,0,True Negative
142,space_4,0,0,True Negative
142,space_5,0,0,True Negative
142,space_6,0,0,True Negative
142,space_7,0,0,True Negative
142,space_8,0,0,True Negative
142,space_9,0,0,True Negative
142,space_10,0,0,True Negative
142,space_11,0,0,True Negative
142,space_12,0,0,True Negative
143,space_1,0,0,True Negative
143,space_2,0,0,True Negative
143,space_3,0,0,True Negative
143,space_4,0,0,True Negative
143,space_5,0,0,True Negative
143,space_6,0,0,True Negative
143,space_7,0,0,True Negative
143,space_8,0,0,True Negative
143,space_9,0,0,True Negative
143,space_10,0,0,True Negative
143,space_11,0,0,True Negative
143,space_12,0,0,True Negative
144,space_1,0,0,True Negative
144,space_2,0,0,True Negative
144,space_3,0,0,True Negative
144,space_4,0,0,True Negative
144,space_5,0,0,True Negative
144,space_6,0,0,True Negative
144,space_7,0,0,True Negative
144,space_8,0,0,True Negative
144,space_9,0,0,True Negative
144,space_10,0,0,True Negative
144,space_11,0,0,True Negative
144,space_12,0,0,True Negative
145,space_1,0,0,True Negative
145,space_2,0,0,True Negative
145,space_3,0,0,True Negative
145,space_4,0,0,True Negative
145,space_5,0,0,True Negative
145,space_6,0,0,True Negative
145,space_7,0,0,True Negative
145,space_8,0,0,True Negative
145,space_9,0,0,True Negative
145,space_10,0,0,True Negative
145,space_11,0,0,True Negative
145,space_12,0,0,True Negative
146,space_1,0,0,True Negative
146,space_2,0,0,True Negative
146,space_3,0,0,True Negative
146,space_4,0,0,True Negative
146,space_5,0,0,True Negative
146,space_6,0,0,True Negative
146,space_7,0,0,True Negative
146,space_8,0,0,True Negative
146,space_9,0,0,True Negative
146,space_10,0,0,True Negative
146,space_11,0,0,True Negative
146,space_12,0,0,True Negative
147,space_1,0,0,True Negative
147,space_2,0,0,True Negative
147,space_3,0,0,True Negative
147,space_4,0,0,True Negative
147,space_5,0,0,True Negative
147,space_6,0,0,True Negative
147,space_7,0,0,True Negative
147,space_8,0,0,True Negative
147,space_9,0,0,True Negative
147,space_10,0,0,True Negative
147,space_11,0,0,True Negative
147,space_12,0,0,True Negative
148,space_1,0,0,True Negative
148,space_2,0,0,True Negative
148,space_3,0,0,True Negative
148,space_4,0,0,True Negative
148,space_5,0,0,True Negative
148,space_6,0,0,True Negative
148,space_7,0,0,True Negative
148,space_8,0,0,True Negative
148,space_9,0,0,True Negative
148,space_10,0,0,True Negative
148,space_11,0,0,True Negative
148,space_12,0,0,True Negative
149,space_1,0,0,True Negative
149,space_2,0,0,True Negative
149,space_3,0,0,True Negative
149,space_4,0,0,True Negative
149,space_5,0,0,True Negative
149,space_6,0,0,True Negative
149,space_7,0,0,True Negative
149,space_8,0,0,True Negative
149,space_9,0,0,True Negative
149,space_10,0,0,True Negative
149,space_11,0,0,True Negative
149,space_12,0,0,True Negative
150,space_1,0,0,True Negative
150,space_2,0,0,True Negative
150,space_3,0,0,True Negative
150,space_4,0,0,True Negative
150,space_5,0,0,True Negative
150,space_6,0,0,True Negative
150,space_7,0,0,True Negative
150,space_8,0,0,True Negative
150,space_9,0,0,True Negative
150,space_10,0,0,True Negative
150,space_11,0,0,True Negative
150,space_12,0,0,True Negative
151,space_1,0,0,True Negative
151,space_2,0,0,True Negative
151,space_3,0,0,True Negative
151,space_4,1,0,False Negative
151,space_5,1,0,False Negative
151,space_6,0,0,True Negative
151,space_7,0,0,True Negative
151,space_8,0,0,True Negative
151,space_9,0,0,True Negative
151,space_10,0,0,True Negative
151,space_11,0,0,True Negative
151,space_12,0,0,True Negative
152,space_1,0,0,True Negative
152,space_2,0,0,True Negative
152,space_3,0,0,True Negative
152,space_4,1,0,False Negative
152,space_5,1,0,False Negative
152,space_6,0,0,True Negative
152,space_7,0,0,True Negative
152,space_8,0,0,True Negative
152,space_9,0,0,True Negative
152,space_10,0,0,True Negative
152,space_11,0,0,True Negative
152,space_12,0,0,True Negative
153,space_1,0,0,True Negative
153,space_2,0,0,True Negative
153,space_3,0,0,True Negative
153,space_4,1,0,False Negative
153,space_5,1,0,False Negative
153,space_6,0,0,True Negative
153,space_7,0,0,True Negative
153,space_8,0,0,True Negative
153,space_9,0,0,True Negative
153,space_10,0,0,True Negative
153,space_11,0,0,True Negative
153,space_12,0,0,True Negative
154,space_1,0,0,True Negative
154,space_2,0,0,True Negative
154,space_3,0,0,True Negative
154,space_4,1,0,False Negative
154,space_5,1,0,False Negative
154,space_6,0,0,True Negative
154,space_7,1,0,False Negative
154,space_8,0,0,True Negative
154,space_9,0,0,True Negative
154,space_10,0,0,True Negative
154,space_11,0,0,True Negative
154,space_12,0,0,True Negative
155,space_1,0,0,True Negative
155,space_2,0,0,True Negative
155,space_3,0,0,True Negative
155,space_4,1,0,False Negative
155,space_5,1,0,False Negative
155,space_6,0,0,True Negative
155,space_7,1,0,False Negative
155,space_8,0,0,True Negative
155,space_9,0,0,True Negative
155,space_10,0,0,True Negative
155,space_11,0,0,True Negative
155,space_12,0,0,True Negative
156,space_1,1,0,False Negative
156,space_2,1,1,True Positive
156,space_3,0,0,True Negative
156,space_4,1,0,False Negative
156,space_5,1,0,False Negative
156,space_6,0,0,True Negative
156,space_7,1,0,False Negative
156,space_8,0,0,True Negative
156,space_9,0,0,True Negative
156,space_10,0,0,True Negative
156,space_11,0,0,True Negative
156,space_12,0,0,True Negative
157,space_1,1,0,False Negative
157,space_2,1,1,True Positive
157,space_3,0,0,True Negative
157,space_4,1,0,False Negative
157,space_5,1,0,False Negative
157,space_6,0,0,True Negative
157,space_7,1,0,False Negative
157,space_8,0,0,True Negative
157,space_9,0,0,True Negative
157,space_10,0,0,True Negative
157,space_11,0,0,True Negative
157,space_12,0,0,True Negative
158,space_1,1,0,False Negative
158,space_2,1,1,True Positive
158,space_3,0,0,True Negative
158,space_4,1,1,True Positive
158,space_5,1,0,False Negative
158,space_6,0,0,True Negative
158,space_7,1,0,False Negative
158,space_8,0,0,True Negative
158,space_9,0,0,True Negative
158,space_10,0,0,True Negative
158,space_11,0,0,True Negative
158,space_12,0,0,True Negative
159,space_1,1,0,False Negative
159,space_2,1,1,True Positive
159,space_3,0,0,True Negative
159,space_4,1,1,True Positive
159,space_5,1,0,False Negative
159,space_6,0,0,True Negative
159,space_7,1,0,False Negative
159,space_8,0,0,True Negative
159,space_9,0,0,True Negative
159,space_10,0,0,True Negative
159,space_11,0,0,True Negative
159,space_12,0,0,True Negative
160,space_1,1,0,False Negative
160,space_2,1,1,True Positive
160,space_3,0,0,True Negative
160,space_4,1,1,True Positive
160,space_5,1,0,False Negative
160,space_6,0,0,True Negative
160,space_7,1,0,False Negative
160,space_8,0,0,True Negative
160,space_9,0,0,True Negative
160,space_10,0,0,True Negative
160,space_11,0,0,True Negative
160,space_12,0,0,True Negative
161,space_1,1,0,False Negative
161,space_2,1,1,True Positive
161,space_3,0,0,True Negative
161,space_4,1,1,True Positive
161,space_5,1,0,False Negative
161,space_6,0,0,True Negative
161,space_7,1,0,False Negative
161,space_8,0,0,True Negative
161,space_9,1,1,True Positive
161,space_10,0,0,True Negative
161,space_11,0,0,True Negative
161,space_12,0,0,True Negative
162,space_1,1,0,False Negative
162,space_2,1,1,True Positive
162,space_3,0,0,True Negative
162,space_4,1,1,True Positive
162,space_5,1,0,False Negative
162,space_6,0,0,True Negative
162,space_7,1,0,False Negative
162,space_8,0,0,True Negative
162,space_9,1,1,True Positive
162,space_10,0,0,True Negative
162,space_11,0,0,True Negative
162,space_12,0,0,True Negative
163,space_1,1,0,False Negative
163,space_2,1,1,True Positive
163,space_3,0,0,True Negative
163,space_4,1,0,False Negative
163,space_5,1,0,False Negative
163,space_6,0,0,True Negative
163,space_7,1,0,False Negative
163,space_8,0,0,True Negative
163,space_9,1,0,False Negative
163,space_10,0,0,True Negative
163,space_11,0,0,True Negative
163,space_12,0,0,True Negative
164,space_1,1,0,False Negative
164,space_2,1,1,True Positive
164,space_3,0,0,True Negative
164,space_4,1,0,False Negative
164,space_5,1,0,False Negative
164,space_6,0,0,True Negative
164,space_7,1,0,False Negative
164,space_8,0,0,True Negative
164,space_9,1,0,False Negative
164,space_10,0,0,True Negative
164,space_11,0,0,True Negative
164,space_12,0,0,True Negative
165,space_1,1,0,False Negative
165,space_2,1,1,True Positive
165,space_3,0,0,True Negative
165,space_4,1,0,False Negative
165,space_5,1,0,False Negative
165,space_6,0,0,True Negative
165,space_7,1,0,False Negative
165,space_8,0,0,True Negative
165,space_9,1,0,False Negative
165,space_10,0,0,True Negative
165,space_11,0,0,True Negative
165,space_12,0,0,True Negative
166,space_1,1,0,False Negative
166,space_2,1,1,True Positive
166,space_3,0,0,True Negative
166,space_4,1,1,True Positive
166,space_5,1,0,False Negative
166,space_6,0,0,True Negative
166,space_7,0,0,True Negative
166,space_8,0,0,True Negative
166,space_9,1,0,False Negative
166,space_10,0,0,True Negative
166,space_11,0,0,True Negative
166,space_12,0,0,True Negative
167,space_1,1,0,False Negative
167,space_2,1,1,True Positive
167,space_3,0,0,True Negative
167,space_4,1,1,True Positive
167,space_5,1,0,False Negative
167,space_6,0,0,True Negative
167,space_7,0,0,True Negative
167,space_8,0,0,True Negative
167,space_9,1,1,True Positive
167,space_10,0,0,True Negative
167,space_11,0,0,True Negative
167,space_12,0,0,True Negative
168,space_1,1,0,False Negative
168,space_2,1,1,True Positive
168,space_3,0,0,True Negative
168,space_4,0,0,True Negative
168,space_5,0,0,True Negative
168,space_6,0,0,True Negative
168,space_7,1,0,False Negative
168,space_8,0,0,True Negative
168,space_9,0,0,True Negative
168,space_10,0,0,True Negative
168,space_11,0,0,True Negative
168,space_12,0,0,True Negative
169,space_1,1,0,False Negative
169,space_2,1,1,True Positive
169,space_3,0,0,True Negative
169,space_4,0,0,True Negative
169,space_5,0,0,True Negative
169,space_6,0,0,True Negative
169,space_7,1,0,False Negative
169,space_8,0,0,True Negative
169,space_9,0,0,True Negative
169,space_10,0,0,True Negative
169,space_11,0,0,True Negative
169,space_12,0,0,True Negative
170,space_1,1,0,False Negative
170,space_2,1,1,True Positive
170,space_3,0,0,True Negative
170,space_4,0,0,True Negative
170,space_5,0,0,True Negative
170,space_6,0,0,True Negative
170,space_7,1,0,False Negative
170,space_8,0,0,True Negative
170,space_9,0,0,True Negative
170,space_10,0,0,True Negative
170,space_11,0,0,True Negative
170,space_12,0,0,True Negative
171,space_1,1,0,False Negative
171,space_2,1,1,True Positive
171,space_3,0,0,True Negative
171,space_4,0,0,True Negative
171,space_5,0,0,True Negative
171,space_6,0,0,True Negative
171,space_7,1,0,False Negative
171,space_8,0,0,True Negative
171,space_9,0,0,True Negative
171,space_10,0,0,True Negative
171,space_11,0,0,True Negative
171,space_12,0,0,True Negative
172,space_1,1,0,False Negative
172,space_2,1,1,True Positive
172,space_3,0,0,True Negative
172,space_4,0,0,True Negative
172,space_5,0,0,True Negative
172,space_6,0,0,True Negative
172,space_7,1,0,False Negative
172,space_8,0,0,True Negative
172,space_9,0,0,True Negative
172,space_10,0,0,True Negative
172,space_11,0,0,True Negative
172,space_12,0,0,True Negative
173,space_1,0,0,True Negative
173,space_2,1,0,False Negative
173,space_3,0,0,True Negative
173,space_4,0,0,True Negative
173,space_5,0,0,True Negative
173,space_6,0,0,True Negative
173,space_7,0,0,True Negative
173,space_8,0,0,True Negative
173,space_9,0,0,True Negative
173,space_10,0,0,True Negative
173,space_11,0,0,True Negative
173,space_12,0,0,True Negative
174,space_1,0,0,True Negative
174,space_2,1,0,False Negative
174,space_3,0,0,True Negative
174,space_4,0,0,True Negative
174,space_5,0,0,True Negative
174,space_6,0,0,True Negative
174,space_7,0,0,True Negative
174,space_8,0,0,True Negative
174,space_9,0,0,True Negative
174,space_10,0,0,True Negative
174,space_11,0,0,True Negative
174,space_12,0,0,True Negative
175,space_1,0,0,True Negative
175,space_2,0,0,True Negative
175,space_3,0,0,True Negative
175,space_4,0,0,True Negative
175,space_5,0,0,True Negative
175,space_6,0,0,True Negative
175,space_7,0,0,True Negative
175,space_8,0,0,True Negative
175,space_9,0,0,True Negative
175,space_10,1,0,False Negative
175,space_11,1,0,False Negative
175,space_12,0,0,True Negative
176,space_1,0,0,True Negative
176,space_2,0,0,True Negative
176,space_3,0,0,True Negative
176,space_4,0,0,True Negative
176,space_5,0,0,True Negative
176,space_6,0,0,True Negative
176,space_7,0,0,True Negative
176,space_8,0,0,True Negative
176,space_9,0,0,True Negative
176,space_10,1,0,False Negative
176,space_11,1,0,False Negative
176,space_12,0,0,True Negative
177,space_1,0,0,True Negative
177,space_2,0,0,True Negative
177,space_3,0,0,True Negative
177,space_4,0,0,True Negative
177,space_5,0,0,True Negative
177,space_6,0,0,True Negative
177,space_7,0,0,True Negative
177,space_8,0,0,True Negative
177,space_9,0,0,True Negative
177,space_10,1,0,False Negative
177,space_11,1,0,False Negative
177,space_12,0,0,True Negative
178,space_1,0,0,True Negative
178,space_2,0,0,True Negative
178,space_3,1,0,False Negative
178,space_4,0,0,True Negative
178,space_5,0,0,True Negative
178,space_6,0,0,True Negative
178,space_7,0,0,True Negative
178,space_8,0,0,True Negative
178,space_9,1,0,False Negative
178,space_10,1,0,False Negative
178,space_11,1,0,False Negative
178,space_12,0,0,True Negative
179,space_1,0,0,True Negative
179,space_2,1,0,False Negative
179,space_3,1,0,False Negative
179,space_4,0,0,True Negative
179,space_5,1,0,False Negative
179,space_6,0,0,True Negative
179,space_7,0,0,True Negative
179,space_8,0,0,True Negative
179,space_9,1,0,False Negative
179,space_10,1,0,False Negative
179,space_11,1,0,False Negative
179,space_12,0,0,True Negative
180,space_1,0,0,True Negative
180,space_2,1,0,False Negative
180,space_3,1,0,False Negative
180,space_4,0,0,True Negative
180,space_5,1,0,False Negative
180,space_6,0,0,True Negative
180,space_7,0,0,True Negative
180,space_8,0,0,True Negative
180,space_9,1,0,False Negative
180,space_10,1,0,False Negative
180,space_11,1,0,False Negative
180,space_12,0,0,True Negative
181,space_1,0,0,True Negative
181,space_2,1,0,False Negative
181,space_3,1,0,False Negative
181,space_4,0,0,True Negative
181,space_5,1,0,False Negative
181,space_6,0,0,True Negative
181,space_7,1,0,False Negative
181,space_8,1,0,False Negative
181,space_9,1,0,False Negative
181,space_10,1,0,False Negative
181,space_11,1,0,False Negative
181,space_12,0,0,True Negative
182,space_1,0,0,True Negative
182,space_2,1,0,False Negative
182,space_3,1,0,False Negative
182,space_4,0,0,True Negative
182,space_5,1,0,False Negative
182,space_6,0,0,True Negative
182,space_7,1,0,False Negative
182,space_8,1,0,False Negative
182,space_9,1,0,False Negative
182,space_10,1,0,False Negative
182,space_11,1,0,False Negative
182,space_12,0,0,True Negative
183,space_1,0,0,True Negative
183,space_2,1,0,False Negative
183,space_3,1,0,False Negative
183,space_4,0,0,True Negative
183,space_5,1,0,False Negative
183,space_6,0,0,True Negative
183,space_7,1,0,False Negative
183,space_8,1,0,False Negative
183,space_9,1,0,False Negative
183,space_10,1,0,False Negative
183,space_11,1,0,False Negative
183,space_12,0,0,True Negative
184,space_1,0,0,True Negative
184,space_2,1,0,False Negative
184,space_3,1,0,False Negative
184,space_4,1,1,True Positive
184,space_5,1,0,False Negative
184,space_6,0,0,True Negative
184,space_7,1,0,False Negative
184,space_8,1,0,False Negative
184,space_9,1,0,False Negative
184,space_10,1,0,False Negative
184,space_11,1,0,False Negative
184,space_12,0,0,True Negative
185,space_1,0,0,True Negative
185,space_2,1,0,False Negative
185,space_3,1,0,False Negative
185,space_4,1,1,True Positive
185,space_5,1,0,False Negative
185,space_6,0,0,True Negative
185,space_7,1,0,False Negative
185,space_8,1,0,False Negative
185,space_9,1,0,False Negative
185,space_10,1,0,False Negative
185,space_11,1,0,False Negative
185,space_12,0,0,True Negative
186,space_1,0,0,True Negative
186,space_2,1,0,False Negative
186,space_3,1,0,False Negative
186,space_4,1,1,True Positive
186,space_5,1,0,False Negative
186,space_6,0,0,True Negative
186,space_7,1,0,False Negative
186,space_8,1,0,False Negative
186,space_9,1,0,False Negative
186,space_10,1,0,False Negative
186,space_11,1,0,False Negative
186,space_12,0,0,True Negative
187,space_1,0,0,True Negative
187,space_2,1,0,False Negative
187,space_3,1,0,False Negative
187,space_4,1,1,True Positive
187,space_5,1,0,False Negative
187,space_6,0,0,True Negative
187,space_7,1,0,False Negative
187,space_8,1,0,False Negative
187,space_9,1,0,False Negative
187,space_10,1,0,False Negative
187,space_11,1,0,False Negative
187,space_12,0,0,True Negative
188,space_1,0,0,True Negative
188,space_2,1,0,False Negative
188,space_3,1,1,True Positive
188,space_4,1,1,True Positive
188,space_5,1,0,False Negative
188,space_6,0,0,True Negative
188,space_7,1,0,False Negative
188,space_8,1,0,False Negative
188,space_9,1,0,False Negative
188,space_10,0,0,True Negative
188,space_11,1,1,True Positive
188,space_12,0,0,True Negative
189,space_1,0,0,True Negative
189,space_2,1,0,False Negative
189,space_3,1,0,False Negative
189,space_4,1,1,True Positive
189,space_5,1,0,False Negative
189,space_6,0,0,True Negative
189,space_7,1,0,False Negative
189,space_8,1,0,False Negative
189,space_9,1,0,False Negative
189,space_10,0,0,True Negative
189,space_11,1,1,True Positive
189,space_12,0,0,True Negative
